time,ask,bid
1473923699000,10378.950000,10378.050000
1473923700000,10378.250000,10377.350000
